{
  "input": {
    "parameter": {
      "test_count": 13000,
      "target": 0.0001,
      "prior": {
        "distribution": "trace",
        "mean": 0.002269064710039685,
        "confidence": 0.586
      },
      "observed_failures": 2
    }
  },
  "output": {
    "pfd": [
      [
        "500",
        0.0034411174747778794
      ],
      [
        "1000",
        0.0017436028042804865
      ],
      [
        "1500",
        0.000745585102854619
      ],
      [
        "2000",
        0.000613023553632276
      ],
      [
        "2500",
        0.0006313432983976945
      ],
      [
        "3000",
        0.000523350035994309
      ],
      [
        "3500",
        0.000615712587406692
      ],
      [
        "4000",
        0.0004459393453972705
      ],
      [
        "4500",
        0.00041310767531500727
      ],
      [
        "5000",
        0.0003615028647728804
      ],
      [
        "5500",
        0.00033417725964626365
      ],
      [
        "6000",
        0.00031298861094376313
      ],
      [
        "6500",
        0.00030477587467988394
      ],
      [
        "7000",
        0.0002798742387715302
      ],
      [
        "7500",
        0.00027332955022439474
      ],
      [
        "8000",
        0.0002366848269092877
      ],
      [
        "8500",
        0.00024231183902724334
      ],
      [
        "9000",
        0.00022252683248532063
      ],
      [
        "9500",
        0.00021241532877368293
      ],
      [
        "10000",
        0.00018687222895993598
      ],
      [
        "10500",
        0.00018955516358483814
      ],
      [
        "11000",
        0.00017688107314330407
      ],
      [
        "11500",
        0.00016830516591633907
      ],
      [
        "12000",
        0.0001668824598948642
      ],
      [
        "12500",
        0.00015366291584094325
      ],
      [
        "13000",
        0.0001447321264800432
      ]
    ],
    "confidence": 0.4035
  }
}