{
  "input": {
    "parameter": {
      "test_count": 12000,
      "target": 0.0001,
      "prior": {
        "distribution": "trace",
        "mean": 0.0013790537170533146,
        "confidence": 0.582
      },
      "observed_failures": 2
    }
  },
  "output": {
    "pfd": [
      [
        "500",
        0.001094466064751716
      ],
      [
        "1000",
        0.0007915461371308958
      ],
      [
        "1500",
        0.0014980989293545144
      ],
      [
        "2000",
        0.0009712474475621249
      ],
      [
        "2500",
        0.00042637839940022084
      ],
      [
        "3000",
        0.0004182771137686582
      ],
      [
        "3500",
        0.0009656597320195738
      ],
      [
        "4000",
        0.0003643004919508646
      ],
      [
        "4500",
        0.00046829902481016367
      ],
      [
        "5000",
        0.00034006881365717973
      ],
      [
        "5500",
        0.00027651382981463713
      ],
      [
        "6000",
        0.00025683896876075115
      ],
      [
        "6500",
        0.0002717826201342069
      ],
      [
        "7000",
        0.000992185258340678
      ],
      [
        "7500",
        0.00021397375115514742
      ],
      [
        "8000",
        0.00020544275561503608
      ],
      [
        "8500",
        0.0005644085198039616
      ],
      [
        "9000",
        0.0005079567838013267
      ],
      [
        "9500",
        0.0003117944367809009
      ],
      [
        "10000",
        0.00020071652928772135
      ],
      [
        "10500",
        0.00021297576662419437
      ],
      [
        "11000",
        0.00015831971381027887
      ],
      [
        "11500",
        0.00015626422240108597
      ],
      [
        "12000",
        0.000150403914220608
      ]
    ],
    "confidence": 0.3495
  }
}