{
  "input": {
    "parameter": {
      "test_count": 12421,
      "target": 0.0001,
      "prior": {
        "distribution": "trace",
        "mean": 0.0013607862424432722,
        "confidence": 0.576
      },
      "observed_failures": 2
    }
  },
  "output": {
    "pfd": [
      [
        "500",
        0.002534673877021621
      ],
      [
        "1000",
        0.0016753511366717395
      ],
      [
        "1500",
        0.0007058599752436232
      ],
      [
        "2000",
        0.0006771246049553735
      ],
      [
        "2500",
        0.0007245412814964208
      ],
      [
        "3000",
        0.0005813540068316288
      ],
      [
        "3500",
        0.0017090210349067496
      ],
      [
        "4000",
        0.0004028978528731665
      ],
      [
        "4500",
        0.00045717797244302743
      ],
      [
        "5000",
        0.000357108448770057
      ],
      [
        "5500",
        0.00028758816376177565
      ],
      [
        "6000",
        0.00031335224142643015
      ],
      [
        "6500",
        0.00025832300856327983
      ],
      [
        "7000",
        0.0002581796614195756
      ],
      [
        "7500",
        0.0002579518879518287
      ],
      [
        "8000",
        0.00021520481171635752
      ],
      [
        "8500",
        0.0002224440194372342
      ],
      [
        "9000",
        0.00021302948686703364
      ],
      [
        "9500",
        0.00019505871721161178
      ],
      [
        "10000",
        0.00019074453491633073
      ],
      [
        "10500",
        0.00017890084270021886
      ],
      [
        "11000",
        0.00017588093810816635
      ],
      [
        "11500",
        0.00017607669600203845
      ],
      [
        "12000",
        0.00015698066292383695
      ],
      [
        "12500",
        0.00016040027053203956
      ]
    ],
    "confidence": 0.333
  }
}