{
  "input": {
    "parameter": {
      "test_count": 11848,
      "target": 0.0001,
      "prior": {
        "distribution": "trace",
        "mean": 0.002551391491596329,
        "confidence": 0.566
      },
      "observed_failures": 2
    }
  },
  "output": {
    "pfd": [
      [
        "500",
        0.0033618045036552142
      ],
      [
        "1000",
        0.0024963901604698555
      ],
      [
        "1500",
        0.002469666669319839
      ],
      [
        "2000",
        0.0009898732727664995
      ],
      [
        "2500",
        0.000710624718696168
      ],
      [
        "3000",
        0.00063195661909596
      ],
      [
        "3500",
        0.0005592541596411918
      ],
      [
        "4000",
        0.00045507165169877663
      ],
      [
        "4500",
        0.00040802059681617204
      ],
      [
        "5000",
        0.00038556651791885857
      ],
      [
        "5500",
        0.00032821721228072165
      ],
      [
        "6000",
        0.00031100064799813526
      ],
      [
        "6500",
        0.00028384699444528266
      ],
      [
        "7000",
        0.00029874598972433656
      ],
      [
        "7500",
        0.00025914177873513194
      ],
      [
        "8000",
        0.00024804286038531635
      ],
      [
        "8500",
        0.00022540130673335412
      ],
      [
        "9000",
        0.0002278914642135537
      ],
      [
        "9500",
        0.00020608499759991076
      ],
      [
        "10000",
        0.00019760634253396296
      ],
      [
        "10500",
        0.00018898298703359104
      ],
      [
        "11000",
        0.00017561774165750265
      ],
      [
        "11500",
        0.00016458373436779587
      ],
      [
        "12000",
        0.00015593705723603574
      ]
    ],
    "confidence": 0.3805
  }
}