{
  "input": {
    "parameter": {
      "test_count": 11615,
      "target": 0.0001,
      "prior": {
        "distribution": "trace",
        "mean": 0.0018034183193205932,
        "confidence": 0.597
      },
      "observed_failures": 2
    }
  },
  "output": {
    "pfd": [
      [
        "500",
        0.0008084700912951289
      ],
      [
        "1000",
        0.0009442945085277858
      ],
      [
        "1500",
        0.0018216137412341365
      ],
      [
        "2000",
        0.0005904441777795171
      ],
      [
        "2500",
        0.001734370141454505
      ],
      [
        "3000",
        0.0005858638753412482
      ],
      [
        "3500",
        0.0016631614884641884
      ],
      [
        "4000",
        0.00045980453426827525
      ],
      [
        "4500",
        0.00047348320718428
      ],
      [
        "5000",
        0.0003338009899171501
      ],
      [
        "5500",
        0.0002965035021812049
      ],
      [
        "6000",
        0.0002839352014176787
      ],
      [
        "6500",
        0.00028345042208359966
      ],
      [
        "7000",
        0.0002640615845270638
      ],
      [
        "7500",
        0.00024869723767049194
      ],
      [
        "8000",
        0.00023214031280993728
      ],
      [
        "8500",
        0.00021628890397247034
      ],
      [
        "9000",
        0.0002018090022153628
      ],
      [
        "9500",
        0.00021157622615883935
      ],
      [
        "10000",
        0.00020403886897712276
      ],
      [
        "10500",
        0.0001925585180888251
      ],
      [
        "11000",
        0.0001816467459977272
      ],
      [
        "11500",
        0.00016850377611275324
      ],
      [
        "12000",
        0.0001579019405916622
      ]
    ],
    "confidence": 0.3415
  }
}