{
  "input": {
    "parameter": {
      "test_count": 12875,
      "target": 0.0001,
      "prior": {
        "distribution": "trace",
        "mean": 0.0013790537170533146,
        "confidence": 0.582
      },
      "observed_failures": 2
    }
  },
  "output": {
    "pfd": [
      [
        "500",
        0.0009512543217054134
      ],
      [
        "1000",
        0.00047564731148527274
      ],
      [
        "1500",
        0.001551206679002684
      ],
      [
        "2000",
        0.000552924793867633
      ],
      [
        "2500",
        0.0003951321472100595
      ],
      [
        "3000",
        0.0004025941211401782
      ],
      [
        "3500",
        0.0012922734393286891
      ],
      [
        "4000",
        0.0004069575835127877
      ],
      [
        "4500",
        0.0003453742622635267
      ],
      [
        "5000",
        0.00038873383941091626
      ],
      [
        "5500",
        0.0002889972923783912
      ],
      [
        "6000",
        0.0004435238855622936
      ],
      [
        "6500",
        0.00027578696588703163
      ],
      [
        "7000",
        0.0007714914826578527
      ],
      [
        "7500",
        0.00024477348225341374
      ],
      [
        "8000",
        0.00019278657875377393
      ],
      [
        "8500",
        0.00020707406705180399
      ],
      [
        "9000",
        0.0001888922989203428
      ],
      [
        "9500",
        0.00018369301432368172
      ],
      [
        "10000",
        0.0001933609488362674
      ],
      [
        "10500",
        0.00016532568892569242
      ],
      [
        "11000",
        0.00016768743880979506
      ],
      [
        "11500",
        0.00015660370529733665
      ],
      [
        "12000",
        0.00023477773901664316
      ],
      [
        "12500",
        0.00017919523016877412
      ],
      [
        "13000",
        0.0001389971560560021
      ]
    ],
    "confidence": 0.38
  }
}