{
  "input": {
    "parameter": {
      "test_count": 13769,
      "target": 0.0001,
      "prior": {
        "distribution": "trace",
        "mean": 0.0009293657506160354,
        "confidence": 0.592
      },
      "observed_failures": 2
    }
  },
  "output": {
    "pfd": [
      [
        "500",
        0.00030663803323184536
      ],
      [
        "1000",
        0.0006712106568536986
      ],
      [
        "1500",
        0.00043276624425488266
      ],
      [
        "2000",
        0.00027449791896432457
      ],
      [
        "2500",
        0.001021129684048598
      ],
      [
        "3000",
        0.0004248508913052463
      ],
      [
        "3500",
        0.0003827698362796954
      ],
      [
        "4000",
        0.00027081457046033584
      ],
      [
        "4500",
        0.00055463797381846
      ],
      [
        "5000",
        0.0005666210132318088
      ],
      [
        "5500",
        0.000339027694938109
      ],
      [
        "6000",
        0.0002830426290395401
      ],
      [
        "6500",
        0.000502045245733696
      ],
      [
        "7000",
        0.00030293343943582423
      ],
      [
        "7500",
        0.00022747158680310966
      ],
      [
        "8000",
        0.0007459549098981909
      ],
      [
        "8500",
        0.0002320170261730243
      ],
      [
        "9000",
        0.00021495824853845125
      ],
      [
        "9500",
        0.00017586917608085716
      ],
      [
        "10000",
        0.00020998523727668044
      ],
      [
        "10500",
        0.00039375176808439797
      ],
      [
        "11000",
        0.00016129828039992256
      ],
      [
        "11500",
        0.00016091041420217408
      ],
      [
        "12000",
        0.00017725458623336882
      ],
      [
        "12500",
        0.00023710153854797204
      ],
      [
        "13000",
        0.00015761474947223613
      ],
      [
        "13500",
        0.0002844004393629117
      ],
      [
        "14000",
        0.00012221557963665043
      ]
    ],
    "confidence": 0.498
  }
}