{
  "input": {
    "parameter": {
      "test_count": 11363.636363636364,
      "target": 0.0001,
      "prior": {
        "distribution": "trace",
        "mean": 0.0018836598120993105,
        "confidence": 0.568
      },
      "observed_failures": 2
    }
  },
  "output": {
    "pfd": [
      [
        "500",
        0.0013980939167091652
      ],
      [
        "1000",
        0.0023968035627163244
      ],
      [
        "1500",
        0.0024118037875286032
      ],
      [
        "2000",
        0.0007783120924926501
      ],
      [
        "2500",
        0.000802628575207929
      ],
      [
        "3000",
        0.0010861784333726745
      ],
      [
        "3500",
        0.0005734925122848124
      ],
      [
        "4000",
        0.0004951023720115856
      ],
      [
        "4500",
        0.00044909623628693014
      ],
      [
        "5000",
        0.0004241539676433027
      ],
      [
        "5500",
        0.00042725464705313266
      ],
      [
        "6000",
        0.0003529953304146399
      ],
      [
        "6500",
        0.0003058454648087234
      ],
      [
        "7000",
        0.00026630532058386034
      ],
      [
        "7500",
        0.0002482760229036563
      ],
      [
        "8000",
        0.0002455352890018502
      ],
      [
        "8500",
        0.00022151260961403456
      ],
      [
        "9000",
        0.0002260935834463023
      ],
      [
        "9500",
        0.0001922844571268183
      ],
      [
        "10000",
        0.00018732761058882903
      ],
      [
        "10500",
        0.00018585069443066102
      ],
      [
        "11000",
        0.0001620263005841296
      ],
      [
        "11500",
        0.00016515175218139144
      ]
    ],
    "confidence": 0.3495
  }
}