{
  "input": {
    "parameter": {
      "test_count": 10516.129032258063,
      "target": 0.0001,
      "prior": {
        "distribution": "trace",
        "mean": 0.0014322154334173245,
        "confidence": 0.6
      },
      "observed_failures": 2
    }
  },
  "output": {
    "pfd": [
      [
        "500",
        0.0016546301543066556
      ],
      [
        "1000",
        0.0009125155751176777
      ],
      [
        "1500",
        0.0015514715645170679
      ],
      [
        "2000",
        0.0007524172610152784
      ],
      [
        "2500",
        0.0006867560524281852
      ],
      [
        "3000",
        0.0004985374814845397
      ],
      [
        "3500",
        0.0006978735114658531
      ],
      [
        "4000",
        0.0004520890400878281
      ],
      [
        "4500",
        0.0014681684557150624
      ],
      [
        "5000",
        0.0003910054113747087
      ],
      [
        "5500",
        0.0003221977144836863
      ],
      [
        "6000",
        0.00030963961297618425
      ],
      [
        "6500",
        0.00032449299156356716
      ],
      [
        "7000",
        0.00027154513291738504
      ],
      [
        "7500",
        0.0002272678359374888
      ],
      [
        "8000",
        0.0002367599085059317
      ],
      [
        "8500",
        0.00024666233587576186
      ],
      [
        "9000",
        0.0002153255816297273
      ],
      [
        "9500",
        0.00020009672310496615
      ],
      [
        "10000",
        0.0001960233496515871
      ],
      [
        "10500",
        0.0001988992929867866
      ],
      [
        "11000",
        0.00017932856051231126
      ]
    ],
    "confidence": 0.306
  }
}